locus	allele	tpm	counts
A	IMGT_A*01:01:01	8059.33	5276.97
A	IMGT_A*24:02:01	9536.13	6243.93
B	IMGT_B*57:01:01	36892.6	23923.4
B	IMGT_B*41:02:01	41574.4	26959.4
C	IMGT_C*17:03:01	9466.54	6337.61
C	IMGT_C*02:205Q	12030.6	8736.75
DMA	IMGT_DMA*01:01:01	2818.85	1229.655
DMA	IMGT_DMA*01:01:01	2818.85	1229.655
DMB	IMGT_DMB*01:01:01	1729.37	761.66
DMB	IMGT_DMB*01:01:01	1729.37	761.66
DOA	IMGT_DOA*01:01:01	597.971	247.028
DOA	IMGT_DOA*01:01:04	849.471	350.925
DOB	IMGT_DOB*01:02:01	262.833	121.282
DOB	IMGT_DOB*01:01:03	394.514	182.045
DPA1	IMGT_DPA1*02:01:01	12675.8	5502.84
DPA1	IMGT_DPA1*01:03:01	14642	6356.44
DPA2	IMGT_DPA2*01:01:01:01-IMGT_DPA2*01:01:01:02-IMGT_DPA2*02:01	1.252815	0.4999995
DPA2	IMGT_DPA2*01:01:01:01-IMGT_DPA2*01:01:01:02-IMGT_DPA2*02:01	1.252815	0.4999995
DPB1	IMGT_DPB1*04:01:01	3237.1	1391.7
DPB1	IMGT_DPB1*17:01:01	8436.88	3627.19
DPB2	IMGT_DPB2*01:01:01-IMGT_DPB2*01:01:02	7.68644	3.29918
DPB2	IMGT_DPB2*03:01:01:01	15.4209	6.61897
DQA1	IMGT_DQA1*05:05:01	15571.7	6563.69
DQA1	IMGT_DQA1*03:03:01	22043.6	9338.02
DQA2	IMGT_DQA2*01:07	2.83451	1.20075
DQA2	IMGT_DQA2*01:11	3.02546	1.28163
DQB1	IMGT_DQB1*03:480Q	5503.51	2400.77
DQB1	IMGT_DQB1*03:01:01	13351.8	5824.39
DRA	IMGT_DRA*01:01:02	41824.8	17629.8
DRA	IMGT_DRA*01:02:02	45761.7	19289.2
DRB1	IMGT_DRB1*13:03:01	29231.7	13058.7
DRB1	IMGT_DRB1*04:07:01	36713.3	16401
DRB3	IMGT_DRB3*01:01:02	5765.7	2575.725
DRB3	IMGT_DRB3*01:01:02	5765.7	2575.725
DRB4	IMGT_DRB4*01:03:01:01	541.15	241.7485
DRB4	IMGT_DRB4*01:03:01:01	541.15	241.7485
DRB5	IMGT_DRB5*01:74	7.24668	3.23732
DRB5	IMGT_DRB5*01:95	16.1911	7.23308
E	IMGT_E*01:03:02	5186.24	3319.48
E	IMGT_E*01:01:01	6175.78	3952.84
F	IMGT_F*01:01:01	3324.085	2043.775
F	IMGT_F*01:01:01	3324.085	2043.775
G	IMGT_G*01:06:01-IMGT_G*01:09-IMGT_G*01:16-IMGT_G*01:27	3.564888	2.131904
G	IMGT_G*01:50Q	1.71629	1.06606
H	IMGT_H*02:19:01	10.6731	6.92856
H	IMGT_H*02:01:01	49.27	32.1913
